;2019;2020;2021;2022;2023;2024
Num_Acc;int64;int64;int64;int64;int64;int64
catr;int64;int64;int64;int64;int64;int64
voie;object;object;object;object;object;object
v1;float64;int64;int64;int64;int64;int64
v2;object;object;object;object;object;object
circ;int64;int64;int64;int64;int64;int64
nbv;int64;int64;int64;object;object;object
vosp;int64;int64;int64;int64;int64;int64
prof;int64;int64;int64;int64;int64;int64
pr;object;object;object;object;object;object
pr1;object;object;object;object;object;object
plan;int64;int64;int64;int64;int64;int64
lartpc;float64;object;object;object;object;object
larrout;float64;object;object;object;object;object
surf;int64;int64;int64;int64;int64;int64
infra;int64;int64;int64;int64;int64;int64
situ;int64;int64;int64;int64;int64;int64
vma;int64;int64;int64;int64;int64;int64
