;Variable;Nb_modalités;Khi2;p_value;V_Cramer;Selection
4;secu1;10;126075.28582646852;0.0;0.46416270607946114;True
23;catv;31;105006.05258832361;0.0;0.4236063181453878;True
29;DENS;3;58679.03603458491;0.0;0.3166625816208229;True
27;manv;27;45962.997326089884;0.0;0.2802589133072135;True
24;obs;18;45207.31517600963;0.0;0.2779454829147718;True
12;col;7;40489.21602894214;0.0;0.26304190833351065;True
0;place;10;37023.72702351166;0.0;0.2515332083278015;True
25;obsm;7;36671.538269375866;0.0;0.2503339929314019;True
1;catu;3;35391.181999207576;0.0;0.245925065907567;True
22;vma;33;33625.94917209784;0.0;0.23971352528169243;True
36;vma_g;7;33398.15334707999;0.0;0.23890018712248168;True
21;situ;7;30285.36913931955;0.0;0.2274949174996152;True
31;age;112;26584.012087451578;0.0;0.2131402768592178;True
26;choc;10;25958.64708482156;0.0;0.21061839054800174;True
3;an_nais;112;25539.08702282524;0.0;0.20890938312551147;True
37;manv_g;6;25181.74321328284;0.0;0.20744270084345898;True
13;catr;8;21771.299120299605;0.0;0.1928845468396795;True
32;classe_age;15;21095.337976915092;0.0;0.18986657078410166;True
28;motor;7;18323.881401273225;0.0;0.17695547278152923;True
9;agg;2;17118.250319831375;0.0;0.1710349831065011;True
15;nbv;13;13061.446976029572;0.0;0.14940010701190712;True
14;circ;4;11674.791867754733;0.0;0.14124719635108088;True
7;hrmn;1439;10742.657267673243;0.0;0.13549121049747304;True
18;plan;4;9562.874428916122;0.0;0.12783491565294447;True
8;lum;5;8081.350117177413;0.0;0.11751606046102575;True
34;lum_g;4;7842.999201391227;0.0;0.11577008391725467;True
2;sexe;2;5708.108267924675;0.0;0.09876461239645223;False
10;int;9;5143.012799703189;0.0;0.09374844336931305;False
33;heure;24;4924.933502903979;0.0;0.09173930553076955;False
35;int_g;2;4220.418887220866;0.0;0.08492450841965679;False
17;prof;4;2896.358888632133;0.0;0.07035281022590308;False
16;vosp;4;2127.6191584567114;0.0;0.0602979030092406;False
11;atm;9;1933.7091291941258;0.0;0.05748451035939136;False
30;jour_de_semaine;7;1557.3051748217583;0.0;0.05158722016573785;False
19;surf;9;1374.6735883967988;1.2827116567917374e-275;0.048467995291185645;False
20;infra;10;1325.4487046809586;1.6759285996247134e-262;0.04759230347454933;False
5;mois;12;859.407834635035;3.1393016576671286e-159;0.03832259565986758;False
6;an;5;155.79751774422903;3.766029805037133e-27;0.016316820265481976;False
