atm_label;Indemne;Blessé léger;Blessé hospitalisé;Tué
Autre;0.340251572327044;0.399685534591195;0.2110062893081761;0.04905660377358491
Brouillard - fumée;0.35993860322333077;0.3557175748273216;0.22409823484267075;0.0602455871066769
Neige - grêle;0.4457874155705652;0.3654461429079275;0.16032705296836117;0.028439388553146108
Normale;0.4233858206485472;0.39803493568239234;0.153025812040314;0.025553431628746435
Pluie forte;0.4151480293031422;0.4025549433916571;0.15450747714475993;0.027789550160440758
Pluie légère;0.4160765501662479;0.43370390111424145;0.12752861747760094;0.022690931241909695
Temps couvert;0.4162485320807089;0.40863314472794565;0.14422974271378242;0.030888580477563075
Temps éblouissant;0.44387197501951603;0.29508196721311475;0.22591725214676034;0.0351288056206089
Vent fort - tempête;0.3515473887814313;0.3471953578336557;0.24758220502901354;0.05367504835589942
