catv_label;1 Indemne;4 Blessé léger;3 Blessé hospitalisé;2 Tué
0 Indéterminable;0.5469798657718121;0.2979865771812081;0.12751677852348994;0.027516778523489934
1 Bicyclette;0.0794044665012407;0.6535791688915413;0.2314288406570971;0.03558752395012093
10 VU seul 1,5T <= PTAC <= 3,5T avec ou sans remorque;0.6196128821717759;0.28065022741642703;0.08070733647433152;0.019029553937465582
13 PL seul 3,5T < PTCA <= 7,5T;0.7306946061311602;0.18626309662398138;0.06441598758246023;0.018626309662398137
14 PL seul > 7,5T;0.748370821946605;0.14378810174479714;0.07063275173428632;0.037208324574311544
15 PL > 3,5T + remorque;0.7937584803256446;0.1116010854816825;0.06377204884667571;0.030868385345997285
16 Tracteur routier seul;0.7981651376146789;0.11009174311926606;0.07339449541284404;0.01834862385321101
17 Tracteur routier + semi-remorque;0.7574842767295598;0.12402515723270441;0.07446540880503144;0.0440251572327044
2 Cyclomoteur <50cm3;0.07595734367426078;0.5421715947649055;0.3577314590402327;0.024139602520601065
20 Engin spécial;0.5876288659793815;0.2963917525773196;0.08762886597938144;0.028350515463917526
21 Tracteur agricole;0.713595166163142;0.08882175226586103;0.14018126888217522;0.05740181268882175
3 Voiturette (Quadricycle à moteur carrossé);0.4064;0.41394285714285717;0.1478857142857143;0.03177142857142857
30 Scooter < 50 cm3;0.13389986219568212;0.6936150666054203;0.16128847037207167;0.011196600826825907
31 Motocyclette > 50 cm3 et <= 125 cm3;0.07619507484307098;0.5751810719459198;0.31830033800096574;0.030323515210043457
32 Scooter > 50 cm3 et <= 125 cm3;0.1164347499059797;0.6828883038736367;0.1824746145167356;0.01820233170364799
33 Motocyclette > 125 cm3;0.07151769745871979;0.5039720500769455;0.367653786965021;0.05685646549931373
34 Scooter > 125 cm3;0.1254436043820398;0.6213547292084555;0.22743403795710537;0.02576762845239932
35 Quad léger <= 50 cm3;0.12738853503184713;0.3885350318471338;0.4394904458598726;0.044585987261146494
36 Quad lourd > 50 cm3;0.15707620528771385;0.27060653188180406;0.49144634525660963;0.08087091757387248
37 Autobus;0.5393452039058013;0.3973291211947157;0.05212521539345204;0.011200459506031017
38 Autocar;0.6723044397463002;0.2702607470049331;0.04298801973220578;0.014446793516560958
39 Train;0.6982248520710059;0.10059171597633136;0.038461538461538464;0.16272189349112426
40 Tramway;0.58;0.31478260869565217;0.08260869565217391;0.022608695652173914
41 3RM <= 50 cm3;0.11320754716981132;0.6698113207547169;0.2169811320754717;0.0
42 3RM > 50 cm3 <= 125 cm3;0.1610738255033557;0.697986577181208;0.14093959731543623;0.0
43 3RM > 125 cm3;0.15238350294590253;0.6510444563470809;0.1724692019282271;0.024102838778789503
50 EDP à moteur;0.1183868169991327;0.715091066782307;0.15117085862966176;0.015351257588898526
60 EDP sans moteur;0.06134969325153374;0.7799079754601227;0.14877300613496933;0.009969325153374233
7 VL seul;0.5066276754772625;0.3499579499412652;0.11978291798096587;0.023631456600506404
80 VAE;0.09435551811288964;0.6427969671440606;0.21791631564167369;0.04493119910137602
99 Autre véhicule;0.4280430396772024;0.4189643577673167;0.14458641560188298;0.008406186953597848
