choc_label;1 Indemne;4 Blessé léger;3 Blessé hospitalisé;2 Tué
Arrière;0.4740560327023601;0.45217849563446283;0.06214303009585666;0.01162244156732043
Arrière droit;0.6257267815796244;0.29879084126575767;0.06565474659120143;0.009827630563416517
Arrière gauche;0.6006584156352878;0.3302079426594991;0.06088261032629079;0.008251031378922365
Aucun;0.33818118536197295;0.4233044948289578;0.19756861575178997;0.040945704057279236
Avant;0.34796707310879393;0.42791675294283116;0.19255667855649883;0.03155949539187611
Avant droit;0.5045939114188372;0.3426090779206506;0.13045389603253105;0.0223431146279811
Avant gauche;0.5012111386610719;0.3389471676521076;0.13502765592218197;0.024814037764638565
Coté droit;0.3889346410122033;0.43110978014025103;0.15527438796136858;0.024681190886177037
Coté gauche;0.389218257554052;0.43228351662883213;0.15465144469177705;0.02384678112533886
