classe_age;Indemne;Blessé léger;Blessé hospitalisé;Tué
18 et moins;0.25593718746734734;0.5430418103383936;0.18675085456689505;0.014270147627364053
18-20;0.3257779270203716;0.45990038056861426;0.18983657935974926;0.024485113051264832
20-25;0.453582734316246;0.3901219021634573;0.13504556027773407;0.02124980324256257
25-30;0.415443115608709;0.43159766942655625;0.1328917509966268;0.02006746396810794
30-35;0.4388512651950922;0.4160692527839959;0.12425264231673798;0.02082683970417387
35-40;0.46326596604688763;0.3918997574777688;0.12438156831042846;0.020452708164915116
40-45;0.4762982545085826;0.3808937495473311;0.12149634243499674;0.021311653509089593
45-50;0.46829221093372037;0.37544267053701014;0.1342235123367199;0.02204160619254959
50-55;0.4577168290629135;0.3657323870243394;0.15068767793415935;0.025863105978587753
55-60;0.4536393562545721;0.35321415508412585;0.16443397951719094;0.028712509144111192
60-65;0.4419825428798144;0.34120734908136485;0.18098028444118905;0.03582982359763169
65-70;0.4313849527665317;0.3220732118758435;0.20255566801619435;0.0439861673414305
70-75;0.4108733087330873;0.31783517835178354;0.21712177121771217;0.05416974169741697
75-80;0.3927948866937827;0.3084769836658274;0.23229388598360126;0.06643424365678868
>80;0.344555119241452;0.30657982951824536;0.25136481179963605;0.0975002394406666
