dep;Indemne;Blessé léger;Blessé hospitalisé;Tué
1;0.3684725848563969;0.37483681462140994;0.21719973890339425;0.03949086161879896
10;0.42470805162876457;0.4185617701290719;0.12517926654374104;0.03155091169842245
11;0.4090150250417362;0.3336811352253756;0.21681969949916527;0.04048414023372287
12;0.34870317002881845;0.3046521202140799;0.2935364347468094;0.0531082750102923
13;0.4026412862895278;0.45740996254892574;0.12285641877622279;0.017092332385323684
14;0.41897810218978104;0.35781021897810217;0.19532846715328467;0.027883211678832117
15;0.42108328479906815;0.326150262085032;0.22073383808969133;0.0320326150262085
16;0.3315246880086815;0.24416711882799783;0.3597395550732501;0.06456863809007053
17;0.40819518298404756;0.34063184235220517;0.20816390365968096;0.04300907100406631
18;0.4089917066783064;0.2610213880401571;0.2697512003491925;0.06023570493234395
19;0.36904761904761907;0.35361552028218696;0.23985890652557318;0.03747795414462081
2;0.3716475095785441;0.28108672936259144;0.28073841866945315;0.06652734238941135
20;0.39450940518556177;0.41713268937468223;0.16459074733096085;0.02376715810879512
21;0.40376035691523265;0.26832377310388783;0.2746972594008923;0.05321861057998725
22;0.3927719684461567;0.32838011374059806;0.23683727756374978;0.0420106402494955
23;0.3888;0.1952;0.3408;0.0752
24;0.3630057803468208;0.21502890173410405;0.35491329479768785;0.06705202312138728
25;0.4163070633658869;0.34022257551669316;0.2078128548716784;0.03565750624574154
26;0.3938716170878998;0.31357638112279135;0.24849027063296802;0.044061731156340864
27;0.39123131194355787;0.3913992944733748;0.18209306232151856;0.0352763312615488
28;0.37861851533390656;0.31097735740899973;0.2633992548008025;0.0470048724562912
29;0.38622787009883786;0.4072987943955686;0.18040621266427717;0.02606712284131639
3;0.3929948586118252;0.2737789203084833;0.28631105398457585;0.04691516709511568
30;0.3691469436403882;0.30103865145581477;0.2789034564958284;0.05091094840796867
31;0.4183105128800186;0.32826641912276633;0.21513112090972383;0.0382919470874913
32;0.34572922719349214;0.2969203951191168;0.3079604880883207;0.04938988959907031
33;0.45589329365501113;0.3856414071633542;0.13428632160697204;0.024178977574662558
34;0.4054621848739496;0.3119747899159664;0.2421218487394958;0.04044117647058824
35;0.44023884222244714;0.3870053638295719;0.14664507640927033;0.026110717538710658
36;0.3710223425863236;0.2830060934326337;0.2823290453622207;0.06364251861882193
37;0.43045862412761715;0.4218594217347956;0.1252492522432702;0.02243270189431705
38;0.38512179065174457;0.33541803818301513;0.24248409041035768;0.036976080754882595
39;0.3414364640883978;0.2513812154696133;0.3292817679558011;0.07790055248618785
4;0.37858220211161386;0.32805429864253394;0.25904977375565613;0.03431372549019608
40;0.3856463467358409;0.19844357976653695;0.341980112408128;0.07392996108949416
41;0.3941425546930134;0.30592801693719124;0.2526464361326747;0.04728299223712068
42;0.3752244165170557;0.366786355475763;0.22423698384201077;0.03375224416517056
43;0.3563327032136106;0.29725897920604916;0.29820415879017015;0.048204158790170135
44;0.41081777205408887;0.3204121056020605;0.22343850611719254;0.04533161622665808
45;0.42308845577211396;0.3887556221889055;0.15742128935532235;0.03073463268365817
46;0.39116465863453814;0.21204819277108433;0.3325301204819277;0.0642570281124498
47;0.37087719298245614;0.2964912280701754;0.27824561403508774;0.054385964912280704
48;0.332183908045977;0.28160919540229884;0.34367816091954023;0.04252873563218391
49;0.40428554516396353;0.3997869065940571;0.17225050313720847;0.023677045104770925
5;0.3868139006170835;0.40597596622279963;0.1825267944137707;0.024683338746346217
50;0.42007366482504604;0.34585635359116024;0.1998158379373849;0.03425414364640884
51;0.43262313226342003;0.4042612064194798;0.13530713890426121;0.02780852241283896
52;0.35586206896551725;0.31310344827586206;0.26413793103448274;0.06689655172413793
53;0.3960584869675779;0.17355371900826447;0.3693579148124603;0.06102987921169739
54;0.4180461329715061;0.42727272727272725;0.13025780189959293;0.024423337856173677
55;0.3646055437100213;0.3248045486851457;0.2515991471215352;0.058990760483297794
56;0.3971976401179941;0.3855457227138643;0.17876106194690267;0.03849557522123894
57;0.3847986141186661;0.3029449978345604;0.2609354699003898;0.05132091814638372
58;0.37857847976307996;0.33168805528134254;0.23297137216189537;0.056762092793682134
59;0.41931107258611594;0.3452174568478179;0.19642722544659683;0.03904424511946936
6;0.4078531796841656;0.38250106700810926;0.182842509603073;0.026803243704652157
60;0.36895487285021317;0.4168749081287667;0.1824195207996472;0.03175069822137292
61;0.35376044568245124;0.3325208913649025;0.2618384401114206;0.05188022284122563
62;0.3872346107624516;0.2856189077313393;0.2830818533849646;0.044064628121244495
63;0.4084942084942085;0.36185328185328186;0.19644787644787645;0.033204633204633204
64;0.4307829181494662;0.4293594306049822;0.1190391459074733;0.020818505338078292
65;0.381903642773208;0.36036036036036034;0.22679200940070504;0.030943987465726595
66;0.41749305831019434;0.3742562475208251;0.1745339151130504;0.033716779055930186
67;0.42912507339988254;0.40481503229594834;0.13834409864944217;0.02771579565472695
68;0.40884325230511315;0.327116512992456;0.2292539815590947;0.03478625314333613
69;0.4441723142991344;0.44762799436355094;0.09722874589008924;0.010970945447225391
7;0.35754521197746814;0.35369107619329976;0.24755410613697007;0.041209605692262084
70;0.3592727272727273;0.19272727272727272;0.37163636363636365;0.07636363636363637
71;0.3832876270366188;0.3669946765607356;0.20890466204226488;0.04081303436038071
72;0.39074212893553223;0.4186656671664168;0.1583583208395802;0.03223388305847077
73;0.3790704146952407;0.30949067631505706;0.26718619537990534;0.04425271360979683
74;0.4338182341927121;0.31340918911133514;0.2164770272216621;0.03629554947429065
75;0.46788018724696356;0.4938006072874494;0.034745065789473686;0.0035741396761133602
76;0.40284061020515516;0.3778011572856391;0.18958442924776434;0.029773803261441346
77;0.4187926838841353;0.4096867886019311;0.14216186513855092;0.029358662375382684
78;0.44765693218201225;0.4198117784030271;0.11099252934898612;0.02153876006597458
79;0.37662337662337664;0.273538961038961;0.29017857142857145;0.05965909090909091
8;0.34448979591836737;0.2612244897959184;0.3159183673469388;0.0783673469387755
80;0.4039510818438382;0.3823142050799624;0.17441204139228597;0.03932267168391345
81;0.36125273124544793;0.32702112163146396;0.25163874726875457;0.060087399854333576
82;0.3458922030350602;0.25274725274725274;0.33124018838304553;0.07012035583464155
83;0.39968501181205707;0.3289876629626389;0.2382535654912941;0.03307375973400997
84;0.38715554543384195;0.29287178319289453;0.27214757458437716;0.047825096788886357
85;0.376457399103139;0.25;0.3114349775784753;0.06210762331838565
86;0.3775140125288493;0.3138806462248599;0.258160237388724;0.050445103857566766
87;0.40518765965808606;0.41933582236195716;0.15287875810571822;0.022597759874238555
88;0.3951817413355875;0.24767540152155537;0.30135249366018596;0.055790363482671176
89;0.37789395070948467;0.29648991784914114;0.2565347274085138;0.06908140403286034
9;0.3705821205821206;0.3768191268191268;0.21413721413721415;0.038461538461538464
90;0.38782051282051283;0.28846153846153844;0.2676282051282051;0.05608974358974359
91;0.4515426497277677;0.47352864920923;0.06435053150116671;0.010578169561835623
92;0.4673118830919113;0.48871939494936545;0.03961030637097808;0.004358415587745161
93;0.4740676903791915;0.47098610675859187;0.05068943904732059;0.004256763814896061
94;0.47059383931406795;0.48440774849158463;0.04083836138456653;0.004160050809780883
95;0.3978062463367663;0.5032236456501716;0.08523821485388931;0.013731893159172738
