dep;count
1;6128
10;4881
11;4792
12;2429
13;35513
14;6850
15;1717
16;1843
17;6394
18;2291
19;2268
2;2871
20;7868
21;3138
22;5451
23;625
24;2595
25;4403
26;4471
27;5953
28;3489
29;9207
3;3112
30;5873
31;8618
32;1721
33;18818
34;9520
35;9881
36;1477
37;8024
38;9114
39;1810
4;2652
40;2313
41;2834
42;5570
43;2116
44;7765
45;6670
46;1245
47;2850
48;870
49;8447
5;3079
50;5430
51;7228
52;1450
53;1573
54;7370
55;1407
56;6780
57;4618
58;2026
59;13267
6;11715
60;6803
61;2872
62;7489
63;6475
64;11240
65;2553
66;5042
67;8515
68;4772
69;29806
7;3373
70;1375
71;6199
72;5336
73;3593
74;6943
75;63232
76;9505
77;12739
78;10307
79;2464
8;1225
80;5315
81;2746
82;1911
83;11429
84;4391
85;4460
86;3033
87;5089
88;2366
89;2678
9;1924
90;624
91;19285
92;31204
93;38292
94;31490
95;11943
