infra_label;Indemne;Blessé léger;Blessé hospitalisé;Tué
Aucun;0.4195370418766513;0.39957241539776667;0.1543300528242334;0.02656048990134868
Autre;0.4210842340024018;0.38673014239149084;0.16439354949390977;0.027792074112197633
Bretelle;0.4067021276595745;0.4498936170212766;0.11787234042553192;0.02553191489361702
Carrefour;0.4413881296858153;0.3883553571876332;0.15212757954915876;0.018128933577392745
Chantier;0.42730863268760577;0.4022945269889035;0.1410569870227572;0.029339853300733496
Pont;0.40001585162875486;0.4161845129587065;0.14480462867559643;0.03899500673694222
Péage;0.4166666666666667;0.3229166666666667;0.21354166666666666;0.046875
Souterrain;0.4728577371048253;0.4604825291181364;0.05875623960066556;0.007903494176372712
Voie ferrée;0.44970414201183434;0.35545224006762466;0.12848689771766694;0.06635672020287404
Zone piétonne;0.45279106858054224;0.39712918660287083;0.13668261562998404;0.013397129186602871
