nbv;1 Indemne;4 Blessé léger;3 Blessé hospitalisé;2 Tué
0.0;0.4338464970995091;0.4369701026327532;0.11256135653726015;0.016622043730477466
1.0;0.4302921848448849;0.4352245898434563;0.1200318801786493;0.01445134513300952
10.0;0.4683257918552036;0.4819004524886878;0.043740573152337855;0.006033182503770739
11.0;0.44976076555023925;0.5023923444976076;0.03827751196172249;0.009569377990430622
12.0;0.49097472924187724;0.48375451263537905;0.018050541516245487;0.007220216606498195
2.0;0.4022555867218992;0.3761911838463396;0.18871092081065519;0.032842308621106014
3.0;0.4594000390854016;0.43941762751612273;0.08659045013354179;0.01459188326493388
4.0;0.4556415652980416;0.434594941675882;0.09145174140001665;0.018311751626059764
5.0;0.4654598240970028;0.4162752967295705;0.09964990180172488;0.01861497737170182
6.0;0.4841934338052469;0.44933272441264527;0.05546252600598772;0.01101131577612016
7.0;0.4582685329186107;0.4712286158631415;0.05857957490927942;0.011923276308968377
8.0;0.47999321804001355;0.47965412004069174;0.0335707019328586;0.00678195998643608
9.0;0.4510532837670384;0.483271375464684;0.057001239157372985;0.008674101610904586
