obs_label;Indemne;Blessé léger;Blessé hospitalisé;Tué
Arbre;0.13055641902393533;0.3063413117811626;0.4149829033260802;0.14811936586882188
Autre glissière;0.18799710773680406;0.455531453362256;0.29067245119305857;0.06579898770788142
Autre obs sur chaussée;0.301643889879184;0.46959794018617546;0.19310754604872252;0.035650623885918005
Autre obs sur trottoir;0.20774883099532399;0.419728345580049;0.29770652415943;0.07481629926519706
Batiment, mur;0.1656520346042935;0.4007262629499092;0.3448680978318915;0.0887536046139058
Bordure de trottoir;0.18619582664526485;0.5122168717674336;0.2603887997146424;0.04119850187265917
Buse;0.12770809578107184;0.22462941847206386;0.508551881413911;0.13911060433295325
Fossé / Talus;0.16582157050842813;0.3545292585994244;0.40687953953679595;0.07276963135535151
Glissière béton;0.21073850100787977;0.6056441268096023;0.1541139820414147;0.02950339014110317
Glissière métallique;0.23943270300333705;0.4588431590656285;0.23618835743418612;0.06553578049684836
Ilot;0.15295926210607225;0.5073020753266718;0.2851652574942352;0.054573405073020755
Mobilier urbain;0.2530275702138624;0.5302757021386241;0.1842308683329039;0.03246585931460964
Parapet;0.19607843137254902;0.3990772779700115;0.3102652825836217;0.09457900807381776
Poteau;0.19513519383212075;0.45260071669019436;0.27842328157237484;0.07384080790531003
Sans objet;0.46210595662169457;0.39148971573524766;0.1280210133829577;0.01838331426010004
Sortie sans obs;0.20574162679425836;0.4054226475279107;0.3240829346092504;0.06475279106858055
Support de signalisation;0.23473597359735973;0.3948019801980198;0.31146864686468645;0.05899339933993399
Véhicule stationné;0.307540748701415;0.5159113976953849;0.15051644874320855;0.02603140485999164
