place_label;1 Indemne;4 Blessé léger;3 Blessé hospitalisé;2 Tué
1 Conductor;0.47425119329040205;0.35750165294495917;0.1427130034689201;0.025534150295718646
10 Pedestrian;0.030828884908973935;0.6405557197753473;0.277703395872094;0.0509119994435847
2 Front passenger;0.34966846495710247;0.47170663307745325;0.1570097678066402;0.021615134158804096
3 Side car;0.4016290726817043;0.49422166527429684;0.08973823447507658;0.014411027568922305
4 Rear left passenger;0.3967522658610272;0.5004531722054381;0.08753776435045317;0.015256797583081572
5 Rear center passenger;0.37472554281532083;0.4898755794096121;0.11173456940717248;0.02366430836789461
6 Front center passenger;0.45038910505836577;0.4066147859922179;0.1293774319066148;0.013618677042801557
7 Middle left passenger;0.41935483870967744;0.3624860956618465;0.19048943270300334;0.027669632925472747
8 Middle center passenger;0.3710597418192735;0.44250975682978083;0.15761032722906035;0.02882017412188532
9 Middle right passenger;0.4363987138263666;0.344951768488746;0.19048231511254018;0.028167202572347266
