secu1_label;1 Indemne;4 Blessé léger;3 Blessé hospitalisé;2 Tué
0 Aucun équipement;0.07746230963495829;0.5345373842504018;0.31012474171577253;0.07787556439886738
1 Ceinture;0.5878395426989248;0.3101095245006643;0.08680458640824393;0.015246346392166934
2 Casque;0.0854860285374554;0.577794292508918;0.29962098692033295;0.0370986920332937
3 Dispositif enfants;0.4810071630128066;0.4254395485131322;0.08074668981983937;0.012806598654221837
4 Gilet réfléchissant;0.17425742574257425;0.3326732673267327;0.3940594059405941;0.09900990099009901
5 Airbag;0.2177121771217712;0.3062730627306273;0.3874538745387454;0.08856088560885608
6 Gants;0.05454545454545454;0.29545454545454547;0.5636363636363636;0.08636363636363636
7 Gants + Airbag;0.05555555555555555;0.3888888888888889;0.5555555555555556;0.0
8 Non déterminable;0.3457139370541707;0.4727482499639454;0.1513073961904128;0.030230416791471138
9 Autre;0.3575909661229611;0.2835633626097867;0.29109159347553326;0.06775407779171895
