surf_label;1 Indemne;4 Blessé léger;3 Blessé hospitalisé;2 Tué
1 Normale;0.42563284369652027;0.39481068168853395;0.15392897889332574;0.02562749572162008
2 Mouillée;0.41035826371727036;0.423397061722031;0.1390678775565899;0.027176797004108737
3 Flaques;0.362116991643454;0.436397400185701;0.17734447539461468;0.02414113277623027
4 Inondée;0.3775811209439528;0.41297935103244837;0.168141592920354;0.04129793510324484
5 Enneigée;0.4518860662047729;0.36181678214010776;0.1578137028483449;0.02848344880677444
6 Boue;0.24766355140186916;0.308411214953271;0.3621495327102804;0.08177570093457943
7 Verglacée;0.3410018552875696;0.39109461966604825;0.22300556586270873;0.044897959183673466
8 Corps gras;0.2615039281705948;0.48484848484848486;0.23681257014590348;0.016835016835016835
9 Autre;0.28791593695271456;0.3614711033274956;0.2991243432574431;0.05148861646234676
